{"cameraMode":{"drawMode":0,"name":"Shaded","section":"Shading Mode"},"sceneLighting":true,"audioPlay":false,"sceneViewState":{"showFog":true,"showMaterialUpdate":false,"showSkybox":true,"showFlares":true,"showImageEffects":true,"showParticleSystems":true},"in2DMode":false,"pivot":{"x":-0.3133506774902344,"y":1.5399584770202637,"z":-1.5286211967468262},"rotation":{"x":0.35106363892555239,"y":-0.19184610247612,"z":0.07372622191905976,"w":0.9135173559188843},"size":10.47063159942627,"orthographic":false}