{"cameraMode":{"drawMode":0,"name":"Shaded","section":"Shading Mode"},"sceneLighting":true,"audioPlay":false,"sceneViewState":{"showFog":true,"showMaterialUpdate":false,"showSkybox":true,"showFlares":true,"showImageEffects":true,"showParticleSystems":true},"in2DMode":false,"pivot":{"x":4.473405838012695,"y":2.990969181060791,"z":0.06161689758300781},"rotation":{"x":0.28733566403388979,"y":-0.1950691193342209,"z":0.05989295616745949,"w":0.9358413815498352},"size":14.513771057128907,"orthographic":false}